Company,Symbol,Shares Outstanding,Last Date,Last Price,Last Statement Date,Debt/Short Term,Debt/Long Term,Total Debt,Interest Rate,sigma,A,R,eta,CCM,mu,TiC Risk Score,DD,EDF,PIT PD,TTC PD,SP Rating,Outlook,lambda,Rating Basis,Rating Determination,Firm Type,Model Applicable,Applicability Reason,Drift SE,Drift t,Weakly Identified,Rating Interval Low,Rating Interval High,Rating Interval Notches
Apple Inc.,AAPL,14687355271.05911,2026-07-24,333.0199890136719,2026-03-31,10307000000.0,74404000000.0,84711000000.0,0.0415,0.2429731100097261,4936760618580.738,0.2800512212913809,0.3095691873852801,0.04539721914387929,16.58105778532607,0.2737896443739253,20.26395720982382,1.337844296361252e-91,3.867116235073191e-72,0.0001000000000000001,AAA,-0.0001000000000000001,0.9355736664720554,ANALYTICAL,PINNED_AT_SCALE_TOP,NONFINANCIAL,True,,0.1332685599898509,2.101405022405196,0.0,AAA,AAA-,2.0
Microsoft Corporation,MSFT,7428434795.768573,2026-07-24,381.7000122070312,2026-03-31,8839000000.0,48126000000.0,56965000000.0,0.0415,0.2745198690315647,2866998164055.405,0.1351696912587215,0.1728502705052752,0.124797219678821,33.05095497158173,0.3775903594499029,16.76620743995806,2.1558275894103e-63,4.054049603481233e-56,0.0002,AAA-,-0.0002,0.8382791198715493,GRID_INTERIOR,PINNED_AT_FLOOR,NONFINANCIAL,True,,0.1450882591081566,0.931637694804503,1.0,AAA,AAA-,2.0
Johnson & Johnson,JNJ,2409898605.880235,2026-07-24,263.3999938964844,2026-03-31,17460000000.0,37527000000.0,49036000000.0,0.0415,0.22718411998968,669518268728.7417,0.2151215637101502,0.2409278758978929,0.0822541549514801,13.55907944370447,0.6066352460946087,13.78605131490828,1.546143213997375e-43,1.210491035387972e-32,0.0001000000000000001,AAA,-0.0001000000000000001,0.8881904664292304,ANALYTICAL,PINNED_AT_SCALE_TOP,NONFINANCIAL,True,,0.1351903290259355,1.591249649735525,1.0,AAA,AAA-,2.0
Alphabet Inc.,GOOGL,12229935403.74355,2026-07-24,319.739990234375,2026-03-31,1000000000.0,90484000000.0,112756000000.0,0.0415,0.3078442825113555,3953802309189.519,0.1968523637033824,0.244236414840848,0.1076897754525497,22.70944103371357,0.4742070722598483,15.1611050609664,3.199183233133973e-52,7.782154263158528e-44,0.0002,AAA-,-0.0002,0.8577738051586096,GRID_INTERIOR,PINNED_AT_FLOOR,NONFINANCIAL,True,,0.1480431268537432,1.329696068213011,1.0,AAA,AAA-,2.0
"Amazon.com, Inc.",AMZN,10757109674.80238,2026-07-24,232.1100006103516,2026-03-31,0.0,209888000000.0,209888000000.0,0.0415,0.304645433762156,2597510689832.075,0.2574051828185264,0.3038096029745925,0.1123617039693405,12.46626788438387,0.9013259221718855,11.3781030749645,2.687813911368943e-30,3.136028521326964e-22,0.000201869681725753,AAA-,-0.000201869681725753,0.8523754975339998,GRID_INTERIOR,PINNED_AT_FLOOR,NONFINANCIAL,True,,0.1738137251171654,1.480925529011091,1.0,AAA,AAA-,2.0
"Meta Platforms, Inc.",META,2538423245.139666,2026-07-24,595.1900024414062,2026-03-31,2414000000.0,84355000000.0,86769000000.0,0.0415,0.3795985039650026,1553622963358.879,0.3399775231520847,0.4120250352583188,0.1193637266283063,10.44422462798243,1.142868244220868,10.24972201622868,5.934218742995035e-25,2.477000374450947e-17,0.0002137746904172956,AAA-,-0.0002137746904172709,0.8443901450908802,GRID_INTERIOR,SCALE_RESOLVED,NONFINANCIAL,True,,0.2165777743925481,1.569771063100289,1.0,AAA,AAA-,2.0
NVIDIA Corporation,NVDA,24221000877.18021,2026-07-24,206.8399963378906,2026-04-30,1000000000.0,11348000000.0,12348000000.0,0.0415,0.3560946269329097,5016274430200.068,0.7139478904720956,0.7773495821373396,0.02682010652206313,9.275499654565808,0.2891499921393571,20.60174669051152,1.323604403911123e-94,7.207216839242151e-62,0.0001000000000000001,AAA,-0.0001000000000000001,0.9610775968478087,ANALYTICAL,PINNED_AT_SCALE_TOP,NONFINANCIAL,True,,0.2148112669224539,3.323605417446881,0.0,AAA,AAA,1.0
"Salesforce, Inc.",CRM,819000011.9805229,2026-07-24,163.6600036621094,2026-04-30,557000000.0,41327000000.0,41884000000.0,0.0415,0.3823972941356002,154395417312.3497,-0.02799946474770373,0.04511438053341063,,,3.712836748760569,5.116536717710749,1.555983637436321e-07,,,,,,NOT_APPLICABLE,NOT_RATED,NONFINANCIAL,True,,0.2306781428534803,-0.1213789239038921,1.0,AA,A-,5.0
Broadcom Inc.,AVGO,4757580193.015492,2026-07-24,381.9200134277344,2026-04-30,2252000000.0,62655000000.0,64907000000.0,0.0415,0.4626465681034326,1849229562206.099,0.626200347992905,0.7332212714818471,0.08526910990563784,6.401479382110581,1.332021940802134,10.01803381734751,6.350216058479991e-24,2.301334981698668e-13,0.0001000000000000001,AAA,-9.999999976986659e-05,0.8844918535095551,ANALYTICAL,PINNED_AT_SCALE_TOP,NONFINANCIAL,True,,0.2671091206341734,2.34436153473971,0.0,AAA,AA+,3.0
"Advanced Micro Devices, Inc.",AMD,1630600556.34296,2026-07-24,521.9500122070312,2026-03-31,874000000.0,2997000000.0,3871000000.0,0.0415,0.6769924575171891,853368036586.0977,0.3837242599641933,0.6128836537317749,0.2029475128197958,15.3371764008357,1.323239085968506,9.26003067642152,1.021867430918194e-20,4.15739191728057e-16,0.0002027248252530545,AAA-,-0.0002027248252526388,0.7579315440488903,GRID_INTERIOR,PINNED_AT_FLOOR,NONFINANCIAL,True,,0.3353256248263065,1.144333243732735,1.0,AAA,AA+,3.0
"Micron Technology, Inc.",MU,1129393162.770468,2026-07-24,920.9500122070312,2026-05-31,582000000.0,5794000000.0,6376000000.0,0.0415,0.7533854168290385,1043452223377.653,0.8793666179313702,1.163161411076702,0.1131669386924871,6.485969478509953,1.744796041169243,8.737774205879782,1.188740454462037e-18,1.322929317545742e-10,0.0003011102626944857,AA+,-0.0003011101304015539,0.8514507868931478,GRID_INTERIOR,SCALE_RESOLVED,NONFINANCIAL,True,,0.4238124086042302,2.074895873925559,0.0,AAA,AA,4.0
Intel Corporation,INTC,5043999695.00982,2026-07-24,92.31999969482422,2026-03-31,2004000000.0,43027000000.0,50537000000.0,0.0415,0.6969173973896718,488223474566.9623,0.3476264350966736,0.5904733644888704,0.4606524001110831,8.724964817505104,5.27970495865915,4.850868788198186,6.146092393836731e-07,0.0001055023080393664,0.001945842915740488,BBB+,-0.001840340607701122,0.5664736133607432,GRID_INTERIOR,SCALE_RESOLVED,NONFINANCIAL,True,,0.4147142514242995,0.8382312252419136,1.0,A,BBB,4.0
International Business Machines Corporation,IBM,942134375.6658446,2026-07-24,214.1900024414062,2026-03-31,9453000000.0,60349000000.0,65272000000.0,0.0415,0.4483982545191049,239812195410.6365,0.1930639761476867,0.2935944734755767,0.5784606114399219,9.32505800473436,6.203292367149199,4.445594362287116,4.382459839162231e-06,0.0003079653929676485,0.002903202507719489,BBB,-0.00259523711475184,0.5042540283826711,GRID_INTERIOR,SCALE_RESOLVED,NONFINANCIAL,True,,0.2668281020955453,0.7235518846457735,1.0,A,BB+,6.0
Oracle Corporation,ORCL,2880471107.760242,2026-07-24,114.9899978637695,2026-05-31,7199000000.0,148990000000.0,156189000000.0,0.0415,0.5685092460980326,409546722531.5637,0.03086394834060488,0.1924653297900815,6.495903558045225,52.23150375233306,12.43675385806802,2.889899140921656,0.00192682722385034,0.005328449804653005,0.0154586735522036,BB,-0.01013022374755059,0.04872636504960919,GRID_INTERIOR,SCALE_RESOLVED,NONFINANCIAL,True,,0.3660571386148744,0.08431456481737017,1.0,BBB-,BB-,4.0
Intuit Inc.,INTU,273536982.5565482,2026-07-24,296.3299865722656,2026-04-30,833000000.0,6067000000.0,6900000000.0,0.0415,0.4602451523458474,84766534573.09186,-0.1004528330625978,0.005459967066328383,,,2.222031093925881,6.490233024909237,4.285185547466783e-11,,,,,,NOT_APPLICABLE,NOT_RATED,NONFINANCIAL,True,,0.2555340628816495,-0.3931093644807833,1.0,AAA,AA-,5.0
Dell Technologies Inc.,DELL,646142417.7737143,2026-07-24,437.5,2026-04-30,7550000000.0,23611000000.0,31161000000.0,0.0415,0.5784932776438375,301255987987.899,0.7028261558361729,0.8701533919757279,0.1734638338127969,3.905636866439303,4.441371272976043,5.959982654959158,1.261323539302953e-09,0.000335952639036816,0.001650828705415052,A-,-0.001314876066378236,0.7866751583822876,GRID_INTERIOR,SCALE_RESOLVED,NONFINANCIAL,True,,0.3489714937490708,2.013993029303255,0.0,AAA,BBB,10.0
McDonald's Corporation,MCD,710505846.9461639,2026-07-24,264.760009765625,2026-03-31,707000000.0,54174000000.0,54881000000.0,0.0415,0.1596111507756075,214777690402.4808,0.0109104055925358,0.02364826531849266,1.141926803870311,187.4158854726111,0.6093009677331711,12.87938668817067,2.940048056799201e-38,3.406550877420535e-37,0.0001000000000000001,AAA,-0.0001000000000000001,0.3190017471131281,ANALYTICAL,PINNED_AT_SCALE_TOP,NONFINANCIAL,True,,0.09106523719704003,0.1198086770358781,1.0,AAA,AAA-,2.0
Starbucks Corporation,SBUX,1139699999.612591,2026-07-24,103.25,2026-03-31,3298900000.0,21092500000.0,24391400000.0,0.0415,0.2478572456194068,130956360410.203,0.03086802741429492,0.06158463451731438,0.8857373989759794,72.79147190408108,1.216814794105462,9.18995598447819,1.96501069584494e-20,3.809806683568573e-19,0.0002,AAA-,-0.0001999999999999996,0.3861696855502463,GRID_INTERIOR,PINNED_AT_FLOOR,NONFINANCIAL,True,,0.1311432354716678,0.2353764363314313,1.0,AAA,AAA-,2.0
"The Home Depot, Inc.",HD,997116685.7989937,2026-07-24,332.9800109863281,2026-04-30,10165000000.0,52992000000.0,63157000000.0,0.0415,0.2264375111455988,367190630974.9537,0.0698449794504168,0.09548195267732339,0.3186012545505922,32.9897387335634,0.9657586473288762,10.48418431804918,5.106152171873751e-26,5.604006198844025e-23,0.0002,AAA-,-0.0002,0.6604345320643866,GRID_INTERIOR,PINNED_AT_FLOOR,NONFINANCIAL,True,,0.1309960125569771,0.5331840113838391,1.0,AAA,AAA-,2.0
"Lowe's Companies, Inc.",LOW,560707091.3033541,2026-07-24,207.6399993896484,2026-04-30,1852000000.0,40688000000.0,42540000000.0,0.0415,0.2315330914559303,137718937943.2393,0.02373590553361087,0.05053969175318096,1.237329616063704,76.90049287067681,1.609000891768685,7.986066821692551,6.965609575565389e-16,7.103780492936764e-15,0.0002,AAA-,-0.0001999999999928962,0.2988168220739821,GRID_INTERIOR,PINNED_AT_FLOOR,NONFINANCIAL,True,,0.1339438488008054,0.1772078803626863,1.0,AAA,AA+,3.0
The Boeing Company,BA,788302318.5567447,2026-07-24,209.5200042724609,2026-03-31,2855000000.0,44354000000.0,47209000000.0,0.0415,0.2792186909682868,189179537714.2675,-0.01385970975356759,0.02512182893945424,,,1.905873596134515,7.193937397482614,3.147453346581516e-13,,,,,,NOT_APPLICABLE,NOT_RATED,NONFINANCIAL,True,,0.1593066411670778,-0.0870002006949088,1.0,AAA,AA,4.0
Philip Morris International Inc.,PM,1558558815.502591,2026-07-24,193.0,2026-03-31,8140000000.0,43808000000.0,49113000000.0,0.0415,0.2894715478557055,329624542822.9991,0.2649259824290462,0.3068228709380352,0.1320471034523459,9.041360390271645,1.460478266018756,9.189909288227803,1.965863897796464e-20,1.666762672017256e-13,0.0002475390074068246,AA+,-0.0002475390072401483,0.8302392351453552,GRID_INTERIOR,SCALE_RESOLVED,NONFINANCIAL,True,,0.1722556743844479,1.537981163034273,1.0,AAA,AA+,3.0
"Yum! Brands, Inc.",YUM,275621224.1248827,2026-07-24,148.9199981689453,2026-03-31,1741000000.0,10213000000.0,11954000000.0,0.0415,0.1977446896275203,47614656765.75073,0.05292961624806201,0.07248109738600417,0.380956637140391,36.6384104854336,1.039773920574007,10.07453917945203,3.579780801945459e-24,1.401793455375723e-21,0.0002,AAA-,-0.0002,0.6162116964073828,GRID_INTERIOR,PINNED_AT_FLOOR,NONFINANCIAL,True,,0.1128221115998445,0.4691422230758441,1.0,AAA,AAA-,2.0
"AutoZone, Inc.",AZO,16325355.6141508,2026-07-24,2957.409912109375,2026-04-30,336340000.0,12294831000.0,12631171000.0,0.0415,0.2590058434786268,54500955041.4416,0.04448734297419275,0.07802935645223022,0.7083104601004611,47.85447248421158,1.480134297445554,8.391338373057723,2.403193880722661e-17,8.260704230530349e-16,0.0002,AAA-,-0.0001999999999991739,0.4478677591609154,GRID_INTERIOR,PINNED_AT_FLOOR,NONFINANCIAL,True,,0.1354585644778228,0.3284203043616056,1.0,AAA,AA+,3.0
"Domino's Pizza, Inc.",DPZ,33081735.00200325,2026-07-24,332.9700012207031,2026-05-31,53387000.0,5069466000.0,5122853000.0,0.0415,0.2416544127436478,13498136545.78374,0.0153013859384793,0.04449981353771794,2.310726708181158,107.9392354062822,2.140766237118141,6.897955083330833,2.637821012782989e-12,1.264894066284423e-11,0.0002019636573327004,AAA-,-0.0002019636446837597,0.1660026425317237,GRID_INTERIOR,PINNED_AT_FLOOR,NONFINANCIAL,True,,0.1438011581569477,0.1064065556535994,1.0,AAA,AA,4.0
JPMorgan Chase & Co.,JPM,2658200043.696701,2026-07-24,353.2099914550781,2026-03-31,68048000000.0,448764000000.0,516812000000.0,0.0415,0.1657263304506684,1219445340853.907,0.2884298109635137,0.3021624192658358,0.0666863825170461,4.950688242458468,1.347012359718499,10.35656724074999,1.953670883882541e-25,5.152127909952556e-12,0.0001000000000000001,,,0.9077053051451556,ANALYTICAL,MODEL_NOT_APPLICABLE,BANK,False,BANK_DEPOSIT_FUNDED,0.09455421829206913,3.050417169888508,0.0,AAA,AA+,3.0
Bank of America Corporation,BAC,7096590931.54342,2026-07-24,62.04999923706055,2026-03-31,82837000000.0,300757000000.0,383594000000.0,0.0415,0.1479913531890623,664078596804.3284,0.2138816991956808,0.2248324195050457,0.0978556089555845,4.892599957209964,2.000073781045186,8.51616844072219,8.245945580623987e-18,1.543865620889672e-08,0.0001000000000000001,,,0.869324986442372,ANALYTICAL,MODEL_NOT_APPLICABLE,BANK,False,BANK_DEPOSIT_FUNDED,0.08443562755975365,2.533074075209785,0.0,AAA,AA-,5.0
Wells Fargo & Company,WFC,3060189407.47498,2026-07-24,86.30999755859375,2026-03-31,51839000000.0,164384000000.0,216223000000.0,0.0415,0.2148907106280146,392707490169.7736,0.2063017619353437,0.2293907706924502,0.2082218686628151,5.210783991153295,3.995979664793774,5.962545689528343,1.241690900499256e-09,4.48717683147782e-05,0.001248143693505703,,,0.7529739677661776,GRID_INTERIOR,MODEL_NOT_APPLICABLE,BANK,False,BANK_DEPOSIT_FUNDED,0.122604676676332,1.682658178529081,1.0,AA,BBB+,6.0
Citigroup Inc.,C,1677400061.372154,2026-07-24,132.1900024414062,2026-03-31,72056000000.0,307566000000.0,379622000000.0,0.0415,0.1491103056221356,438394002507.5426,0.1893825146529806,0.200499456274344,0.1769979598488304,3.502412566028824,5.053601096729669,5.718439179653434,5.375349163234031e-09,0.001175032861833385,0.002095791769626163,,,0.7831346410639031,GRID_INTERIOR,MODEL_NOT_APPLICABLE,BANK,False,BANK_DEPOSIT_FUNDED,0.08507403952680527,2.226090540737867,0.0,A,BBB,4.0
"The Goldman Sachs Group, Inc.",GS,295007416.5278625,2026-07-24,1061.22998046875,2026-03-31,106174000000.0,328563000000.0,434737000000.0,0.0415,0.1701796886252781,572531997572.002,0.2372026470757287,0.251683210286027,0.1628010529928386,3.161689211654071,5.149179507990524,5.800713970540294,3.301657689941435e-09,0.002007732992183501,0.00233396274145433,,,0.7975205370218631,GRID_INTERIOR,MODEL_NOT_APPLICABLE,BANK,False,BANK_DEPOSIT_FUNDED,0.09709505655132308,2.442994066853926,0.0,A,BBB,4.0
Morgan Stanley,MS,1572000067.121917,2026-07-24,214.4799957275391,2026-03-31,23701000000.0,370533000000.0,394234000000.0,0.0415,0.1681990036025623,537635399892.9851,0.2566577027087967,0.2708031551152441,0.1166433151224558,3.68195416541915,3.167973035024929,7.144273001306024,4.523671648322771e-13,3.399119131106263e-05,0.001111408098050864,,,0.8474777297284354,GRID_INTERIOR,MODEL_NOT_APPLICABLE,BANK,False,BANK_DEPOSIT_FUNDED,0.09596498794064173,2.674493148142216,0.0,AAA,A-,8.0
"The PNC Financial Services Group, Inc.",PNC,399000002.1683236,2026-07-24,250.9900054931641,2026-03-31,0.0,66666000000.0,66666000000.0,0.0415,0.1661652663126421,132123004130.9373,0.1961201671355957,0.2099256149999714,0.1022270476324082,7.022151066895752,1.455779670054851,9.468318156614018,1.421927500787708e-21,1.03585744762252e-12,0.0002254476184287671,,,0.86415849582076,GRID_INTERIOR,MODEL_NOT_APPLICABLE,BANK,False,BANK_DEPOSIT_FUNDED,0.09480465065967432,2.068676650047681,0.0,AAA,AA+,3.0
The Charles Schwab Corporation,SCHW,1739135469.540374,2026-07-24,101.9700012207031,2026-03-31,12486000000.0,20583000000.0,33069000000.0,0.0415,0.2335028348566259,199191225437.7404,0.1842913275341325,0.2115531144771729,0.1364336740624031,11.76665292709166,1.159494334606206,10.07603790997177,3.525617049771078e-24,1.787845002626198e-17,0.0002103386672747021,,,0.8254368611114438,GRID_INTERIOR,MODEL_NOT_APPLICABLE,BANK,False,BANK_DEPOSIT_FUNDED,0.1332237186378933,1.383322199818207,1.0,AAA,AAA-,2.0
Capital One Financial Corporation,COF,613500038.0531663,2026-07-24,202.8399963378906,2026-03-31,0.0,51262000000.0,51262000000.0,0.0415,0.274026657471587,149031428286.0792,0.2081130285343478,0.2456583330368731,0.2049680569760403,8.458647052532571,2.42317779312794,7.183489745497261,3.397706746675192e-13,1.324300318136096e-08,0.0004289568554351545,,,0.7560259433532942,GRID_INTERIOR,MODEL_NOT_APPLICABLE,BANK,False,BANK_DEPOSIT_FUNDED,0.1563443558905518,1.331119549208648,1.0,AAA,A,7.0
Ally Financial Inc.,ALLY,304199683.4344421,2026-07-24,42.91999816894531,2026-03-31,3600000000.0,17470000000.0,22342000000.0,0.0415,0.1660176046988696,24889821718.0024,0.1289735908303083,0.1427545133652834,0.3044101450294561,5.443115905022541,5.592571430429524,5.005443825755227,2.786673246658393e-07,0.000477332547058409,0.002703487388786348,,,0.6712414211359182,GRID_INTERIOR,MODEL_NOT_APPLICABLE,BANK,False,BANK_DEPOSIT_FUNDED,0.0987920044955493,1.305506366520974,1.0,A-,BBB,3.0
KeyCorp,KEY,1072034976.465735,2026-07-24,22.64999961853027,2026-03-31,6149000000.0,10877000000.0,17026000000.0,0.0415,0.2576748983717727,35398048621.47034,0.1055010572944594,0.1386992339199111,0.5635589137689153,10.58501016652615,5.3241225554143,4.743305727716397,1.051292893651734e-06,8.002437497548583e-05,0.002069141396112456,,,0.5114799632684184,GRID_INTERIOR,MODEL_NOT_APPLICABLE,BANK,False,BANK_DEPOSIT_FUNDED,0.1470149524386157,0.7176212728328439,1.0,AA+,BB+,10.0
American Express Company,AXP,682326487.7760099,2026-07-24,326.1700134277344,2026-03-31,1692000000.0,58750000000.0,60442000000.0,0.0415,0.2379171416047385,252358545481.0535,0.2171389837338569,0.2454412668685415,0.124448840952395,9.64683852351017,1.290047932792724,9.71701190330471,1.275796941164514e-22,2.707673988716763e-15,0.0002271433572803508,,,0.8386687257215605,GRID_INTERIOR,MODEL_NOT_APPLICABLE,BANK,False,BANK_DEPOSIT_FUNDED,0.1357422763271522,1.599641538429271,1.0,AAA,AA+,3.0
Visa Inc.,V,1901743721.71731,2026-07-24,355.739990234375,2026-03-31,1559000000.0,22417000000.0,23976000000.0,0.0415,0.2135817362736662,688774785630.9722,0.1176367521530468,0.1404453311878838,0.09723638433391324,33.90106742736805,0.2868239607565133,19.22284316281345,1.191725170507525e-82,2.103252819706091e-73,0.0001000000000000001,AAA,-0.0001000000000000001,0.8700609947238297,ANALYTICAL,PINNED_AT_SCALE_TOP,NONFINANCIAL,True,,0.09980019128815086,1.178722712197984,1.0,AAA,AAA-,2.0
Mastercard Incorporated,MA,883583887.4273793,2026-07-24,539.6599731445312,2026-03-31,1748000000.0,17212000000.0,18960000000.0,0.0415,0.2154085645797131,486767959978.1256,0.125098039258244,0.1482984641053902,0.09633141345608638,30.7791764416858,0.3129759291597545,18.45568522242074,2.346870898688594e-76,5.040198796939255e-67,0.0001000000000000001,AAA,-0.0001000000000000001,0.8711385096749111,ANALYTICAL,PINNED_AT_SCALE_TOP,NONFINANCIAL,True,,0.1182208084326681,1.058172760927216,1.0,AAA,AAA-,2.0
"PayPal Holdings, Inc.",PYPL,882105490.5434344,2026-07-24,56.15000152587891,2026-03-31,0.0,9409000000.0,9409000000.0,0.0415,0.3897316925008367,54043483588.02943,-0.1561384287354579,-0.0801930326656745,,,2.548590176151115,5.863344172217284,2.268182840770124e-09,,,,,,NOT_APPLICABLE,NOT_RATED,NONFINANCIAL,True,,0.1930405898194794,-0.80883729624671,1.0,AAA,A,7.0
"BlackRock, Inc.",BLK,162602319.6703423,2026-07-24,1055.670043945312,2026-03-31,0.0,14965000000.0,14965000000.0,0.0415,0.2540940354460915,178832729353.6926,0.1739006297760843,0.2061825192007241,0.1169759942787571,18.25113537200166,0.6409244789132699,13.17537642793667,6.080965775379144e-40,3.423907226846636e-32,0.0002,AAA-,-0.0002,0.8470991398794275,GRID_INTERIOR,PINNED_AT_FLOOR,UNKNOWN,True,,0.1449719113972308,1.199547057771676,1.0,AAA,AAA-,2.0
Blackstone Inc.,BX,1244607409.230769,2026-07-24,130.0,2026-03-31,0.0,14161851000.0,14161851000.0,0.0415,0.3357667468475078,168592044372.0275,0.1422229008083548,0.198592554952634,0.2500552571952603,22.2894992334542,1.121852288273725,9.864884389102805,2.955124761052806e-23,1.839476601874942e-19,0.0002,AAA-,-0.0001999999999999998,0.7154943088251416,GRID_INTERIOR,PINNED_AT_FLOOR,UNKNOWN,True,,0.1842759424843119,0.7717930994734312,1.0,AAA,AAA-,2.0
S&P Global Inc.,SPGI,295999999.4339602,2026-07-24,426.3999938964844,2026-03-31,2697000000.0,11079000000.0,13776000000.0,0.0415,0.2926085047922711,134116078752.54,0.09680421216126206,0.1396140806996463,0.3169970108708136,28.82240478605701,1.099828460615342,9.866201264785502,2.916599276647206e-23,3.318717860822942e-20,0.0002,AAA-,-0.0002,0.6616416196605899,GRID_INTERIOR,PINNED_AT_FLOOR,UNKNOWN,True,,0.1669461235339431,0.5798530095344206,1.0,AAA,AAA-,2.0
Berkshire Hathaway Inc.,BRK-B,2156853708.486591,2026-07-24,494.9299926757812,2026-03-31,2243000000.0,126643000000.0,128886000000.0,0.0415,0.137137477162732,1130390849640.996,0.1334800443274725,0.1428833881487519,0.04948403767848982,21.33116122302474,0.2319800462858863,21.73559300931431,4.727694897847612e-105,3.542792184962152e-87,0.0001000000000000001,,,0.9301141335997964,ANALYTICAL,MODEL_NOT_APPLICABLE,INSURER,False,INSURER_RESERVE_LIABILITIES,0.07526396848810167,1.773491977752596,1.0,AAA,AAA-,2.0
"American International Group, Inc.",AIG,530206233.8280903,2026-07-24,79.05999755859375,2026-03-31,0.0,9156000000.0,9156000000.0,0.0415,0.22056694721001,46310004809.19325,0.0599267163560735,0.08425160545684517,0.3508157221885801,38.61542803480479,0.9084859084622431,10.76327414055286,2.565698787807209e-27,1.575222474672991e-24,0.0002,,,0.6369507302518321,GRID_INTERIOR,MODEL_NOT_APPLICABLE,INSURER,False,INSURER_RESERVE_LIABILITIES,0.1258432212780976,0.4762013857198001,1.0,AAA,AAA-,2.0
"MetLife, Inc.",MET,659359325.398082,2026-07-23,92.54000091552734,2026-03-31,1542000000.0,19588000000.0,21130000000.0,0.0415,0.2009818536467541,71892296641.43094,0.1658023910300344,0.185999243777677,0.1318901515609317,11.14088648074728,1.183838932286518,10.01576993746981,6.497305875836911e-24,5.487097866709149e-17,0.000214279785543563,,,0.8304119269943306,GRID_INTERIOR,MODEL_NOT_APPLICABLE,INSURER,False,INSURER_RESERVE_LIABILITIES,0.1147437844965969,1.44497927933475,1.0,AAA,AAA-,2.0
The Allstate Corporation,ALL,257420923.3594856,2026-07-24,259.9700012207031,2026-03-31,0.0,7491000000.0,7491000000.0,0.0415,0.2275284060531746,70514960695.52148,0.249160218470389,0.2750448062509381,0.07078553567728903,11.78065180054153,0.6008626422014713,13.99574694894438,8.274092589038359e-45,3.369102142082159e-32,0.0001000000000000001,,,0.9024980161760109,ANALYTICAL,MODEL_NOT_APPLICABLE,INSURER,False,INSURER_RESERVE_LIABILITIES,0.1248724355853024,1.995318000345909,1.0,AAA,AAA-,2.0
The Progressive Corporation,PGR,581399984.7702607,2026-07-24,213.8300018310547,2026-03-31,0.0,8386000000.0,8386000000.0,0.0415,0.2514397796675366,128343311571.0868,0.1583318510847975,0.1899428324844272,0.1167103851636706,21.6083643529066,0.5401167032245622,14.23650697884149,2.718896724976563e-46,1.577750700958361e-38,0.0002,,,0.8474013811332067,GRID_INTERIOR,MODEL_NOT_APPLICABLE,INSURER,False,INSURER_RESERVE_LIABILITIES,0.1434575408104569,1.103684408573498,1.0,AAA,AAA-,2.0
"Prologis, Inc.",PLD,954096011.5784601,2026-07-24,147.6300048828125,2026-03-31,553865000.0,34115727000.0,34669592000.0,0.0415,0.1969673096984355,157748998878.6895,0.08959311111687272,0.1089911716617924,0.1975085747406785,24.47107881028758,0.807110206590673,11.58584740589998,2.430675248630329e-31,1.265660504329677e-26,0.0002,,,0.7631010519097203,GRID_INTERIOR,MODEL_NOT_APPLICABLE,REIT,False,REIT_ASSET_STRUCTURE,0.1123785818884783,0.7972436527610097,1.0,AAA,AAA-,2.0
American Tower Corporation,AMT,465893058.0732926,2026-07-24,166.6699981689453,2026-03-31,6760900000.0,38370300000.0,45131200000.0,0.0415,0.1996696420136844,102541720958.2357,-0.02098579840059909,-0.001051815429662647,,,2.111020035479909,6.77751788016908,6.112901288623607e-12,,,,,,NOT_APPLICABLE,MODEL_NOT_APPLICABLE,REIT,False,REIT_ASSET_STRUCTURE,0.1139203822707044,-0.1842146065726096,1.0,AAA,AA,4.0
"Simon Property Group, Inc.",SPG,379979601.008975,2026-07-24,229.7799987792969,2026-03-31,0.0,28982249000.0,28982249000.0,0.0415,0.1671764923011101,101213762913.4255,0.2270055246153343,0.2409795144043859,0.06334102930107728,8.562339570818846,0.7397631077018797,12.98450446557963,7.49022990824719e-39,8.740339196385201e-25,0.0001000000000000001,,,0.9119922392534677,ANALYTICAL,MODEL_NOT_APPLICABLE,REIT,False,REIT_ASSET_STRUCTURE,0.08280529733334083,2.741437225948255,0.0,AAA,AAA-,2.0
Realty Income Corporation,O,932492571.9340053,2026-07-24,65.5999984741211,2026-03-31,2309059000.0,27864994000.0,30174053000.0,0.0415,0.130964052424298,76752837249.51129,0.08267328058582495,0.09124907209952209,0.1335865611315711,18.78499557835364,0.7111343762332629,12.48961421519867,4.253255715648078e-36,2.852600550414285e-29,0.0002,,,0.8285485603738656,GRID_INTERIOR,MODEL_NOT_APPLICABLE,REIT,False,REIT_ASSET_STRUCTURE,0.07472079764070538,1.106429310128072,1.0,AAA,AAA-,2.0
"Equinix, Inc.",EQIX,98624249.27610809,2026-07-24,1084.239990234375,2026-03-31,2226000000.0,21110000000.0,23336000000.0,0.0415,0.2040956826695268,119193798926.9994,0.1531899271745874,0.1740174510167575,0.1217837508861313,14.5753123517011,0.8355481374772582,11.69050189435874,7.127087780041969e-32,2.072614256044858e-24,0.0002003327575856506,,,0.8416592147910629,GRID_INTERIOR,MODEL_NOT_APPLICABLE,REIT,False,REIT_ASSET_STRUCTURE,0.1164456346744959,1.315548904884275,1.0,AAA,AAA-,2.0
"NextEra Energy, Inc.",NEE,2085605304.89981,2026-07-24,89.77999877929688,2026-03-31,10455000000.0,93948000000.0,104403000000.0,0.0415,0.1687270297817783,242340114707.3254,0.09348208012213237,0.1077164854116229,0.2115149002636404,15.40180500938765,1.373312414582049,9.087310148339693,5.075973542808946e-20,1.384968004388238e-15,0.0002060154891628179,AAA-,-0.000206015489161433,0.7499060549760977,GRID_INTERIOR,PINNED_AT_FLOOR,NONFINANCIAL,True,,0.09626625028367287,0.9710784397092829,1.0,AAA,AA+,3.0
Duke Energy Corporation,DUK,779596248.8293402,2026-07-24,130.5200042724609,2026-03-31,9768000000.0,81441000000.0,91209000000.0,0.0415,0.1038434822691666,150189014645.3879,0.1143131534688223,0.1197048878737157,0.086531935115908,9.536514196474547,0.907374889117211,11.59882294052893,2.088924004277597e-31,5.08106726485368e-21,0.0001000000000000001,AAA,-0.0001000000000000001,0.8829502964258714,ANALYTICAL,PINNED_AT_SCALE_TOP,NONFINANCIAL,True,,0.05924731009240659,1.92942351797121,1.0,AAA,AAA-,2.0
The Southern Company,SO,1127301077.881748,2026-07-24,97.25,2026-03-31,7577000000.0,68428000000.0,76005000000.0,0.0415,0.1228597318690198,149722197897.2554,0.1168718624882756,0.1244191193457393,0.1012101952822068,10.91880056043807,0.9269351035581713,11.33790867792014,4.257756596346729e-30,3.574170678987302e-21,0.00020062666567837,AAA-,-0.00020062666567837,0.8653557119678232,GRID_INTERIOR,PINNED_AT_FLOOR,NONFINANCIAL,True,,0.06742803775567366,1.733282865382533,1.0,AAA,AAA-,2.0
"Dominion Energy, Inc.",D,879512495.4997126,2026-07-24,71.0999984741211,2026-03-31,6655000000.0,45110000000.0,51765000000.0,0.0415,0.1377386421228231,90555931173.3244,0.1085333970941825,0.1180193638611021,0.1544935349182852,10.42496224863231,1.481957739833098,9.002484309458655,1.103333677970977e-19,1.019576258394993e-13,0.0002391929134317565,AAA-,-0.0002391929133297989,0.8061442156716857,GRID_INTERIOR,SCALE_RESOLVED,NONFINANCIAL,True,,0.0785860013862515,1.381077993276933,1.0,AAA,AA+,3.0
Xcel Energy Inc.,XEL,624269583.5321629,2026-07-24,81.66999816894531,2026-03-31,2592000000.0,36611000000.0,39203000000.0,0.0415,0.1414419505407826,71032098479.2984,0.1066194121820361,0.1166223248684267,0.1533611612952034,11.47541809231195,1.336432015474442,9.404011600815126,2.626075201049617e-21,2.645884851319578e-15,0.0002192153308670303,AAA-,-0.0002192153308643844,0.8073317194236127,GRID_INTERIOR,SCALE_RESOLVED,NONFINANCIAL,True,,0.08069890300907984,1.321200266750092,1.0,AAA,AA+,3.0
PG&E Corporation,PCG,2680110496.001063,2026-07-24,17.85000038146973,2026-03-31,2386000000.0,60555000000.0,64703000000.0,0.0415,0.1540006349353078,79175680389.86465,0.04198039342355515,0.05383849120379412,0.6380484163605848,21.09105863825953,3.025208109768158,6.021996812977672,8.613914415033536e-10,4.144788708450238e-08,0.0005033129291614174,AA-,-0.0005032714812743329,0.4769906858436803,GRID_INTERIOR,SCALE_RESOLVED,NONFINANCIAL,True,,0.09164107292381603,0.4580958306594109,1.0,AA+,A,5.0
Vistra Corp.,VST,337182469.2471614,2026-07-24,163.3800048828125,2026-03-31,2649000000.0,17264000000.0,19913000000.0,0.0415,0.4155317769762757,65911277593.32166,0.4898557897790358,0.5761891186175665,0.199686571787452,3.603488416371261,5.541479497484769,5.426890502453524,2.867214144325609e-08,0.001714841694321136,0.002295353702570481,BBB+,-0.0005805120082493446,0.7610239127987692,GRID_INTERIOR,SCALE_RESOLVED,NONFINANCIAL,True,,0.2370792995938667,2.066210717756434,0.0,A-,BBB,3.0
ExxonMobil Holdings Corporation,XOM,4144947318.213965,2026-07-24,156.9400024414062,2026-03-31,14531000000.0,33130000000.0,47661000000.0,0.0415,0.2391511130906722,680339969171.7783,0.151217003281272,0.1798136307275258,0.1225791891500246,20.40454027917542,0.600744674826745,13.53424784773219,4.909111467619948e-42,1.257581601600015e-34,0.0002,AAA-,-0.0002,0.8407647977105706,GRID_INTERIOR,PINNED_AT_FLOOR,NONFINANCIAL,True,,0.1364463117627398,1.108252772300774,1.0,AAA,AAA-,2.0
Chevron Corporation,CVX,1991597692.342124,2026-07-24,194.7899932861328,2026-03-31,5828000000.0,39600000000.0,45428000000.0,0.0415,0.2152909630553339,412529505886.1312,0.1082919844250275,0.1314670838116741,0.1540372593866189,25.65861401112718,0.6003335149740305,13.40936085897768,2.664807459549293e-41,2.413117856545561e-35,0.0002,AAA-,-0.0002,0.80662235478568,GRID_INTERIOR,PINNED_AT_FLOOR,NONFINANCIAL,True,,0.1228330384296018,0.8816193575402921,1.0,AAA,AAA-,2.0
ConocoPhillips,COP,1218293973.369726,2026-07-24,120.2600021362305,2026-03-31,1065000000.0,22262000000.0,23327000000.0,0.0415,0.2698821875209168,158212260333.8246,0.0973748672298535,0.1337930648003912,0.2918648847182477,26.31920941267813,1.1089424463398,9.856909838400957,3.199421336217413e-23,6.288683307251731e-20,0.0002,AAA-,-0.0002,0.6810427276768678,GRID_INTERIOR,PINNED_AT_FLOOR,NONFINANCIAL,True,,0.1539797520562973,0.6323874790644669,1.0,AAA,AAA-,2.0
Occidental Petroleum Corporation,OXY,994634695.5470515,2026-07-24,57.29999923706055,2026-03-31,807000000.0,15804000000.0,16611000000.0,0.0415,0.2763607696619451,65347540657.48883,-0.01695361375635834,0.021234023747713,,,1.88038291746614,7.23116099633961,2.394411113580163e-13,,,,,,NOT_APPLICABLE,NOT_RATED,NONFINANCIAL,True,,0.1576760703680591,-0.1075217927284969,1.0,AAA,AA+,3.0
SLB N.V.,SLB,1484000073.813149,2026-07-24,52.41999816894531,2026-03-31,1938000000.0,9670000000.0,11608000000.0,0.0415,0.3135285147255355,84288954200.26779,0.04337379836098428,0.09252386313398445,0.8988784217668534,58.12971890432974,1.546331960156617,8.180055033090733,1.418571339738746e-16,2.669940754680241e-15,0.0002,AAA-,-0.0001999999999973301,0.3821679484714265,GRID_INTERIOR,PINNED_AT_FLOOR,NONFINANCIAL,True,,0.1788819166002775,0.2424716773239056,1.0,AAA,AA+,3.0
"Kinder Morgan, Inc.",KMI,2224825749.545774,2026-07-24,32.86000061035156,2026-03-31,2186000000.0,29760000000.0,31946000000.0,0.0415,0.1606909085020485,89480031244.93756,0.1920971821518618,0.2050079661894686,0.08112564503587523,8.625463877867162,0.9405366039969474,11.50671500385003,6.101950215827991e-31,7.009581144694051e-20,0.0001000000000000001,AAA,-0.0001,0.8895815072482252,ANALYTICAL,PINNED_AT_SCALE_TOP,NONFINANCIAL,True,,0.09168128684642775,2.09527144261879,0.0,AAA,AAA-,2.0
APA Corporation,APA,353470253.6278616,2026-07-24,36.15000152587891,2026-03-31,256000000.0,4280000000.0,4536000000.0,0.0415,0.3670035023922232,15076551157.69431,0.02420753775827604,0.09155332314235534,3.025016830413345,75.98211645753074,3.981222123635027,5.077737620242305,1.909778309439233e-07,7.490533421050139e-07,0.0006877904148821144,A+,-0.0006870413615400094,0.1238364372542409,GRID_INTERIOR,SCALE_RESOLVED,NONFINANCIAL,True,,0.2093917676496061,0.1156088323337748,1.0,AA-,A-,4.0
Peabody Energy Corporation,BTU,121834030.7435083,2026-07-24,22.79999923706055,2026-03-31,14300000.0,415300000.0,429600000.0,0.0415,0.5437214917992675,2990743345.867448,-0.01892980539761405,0.1288867249245964,,,4.370495717728713,4.748562174584347,1.024339544350975e-06,,,,,,NOT_APPLICABLE,NOT_RATED,NONFINANCIAL,True,,0.3102172146446031,-0.06102113133631468,1.0,A,BBB+,3.0
Transocean Ltd.,RIG,1106760273.934371,2026-07-24,5.349999904632568,2026-03-31,329000000.0,4945000000.0,5274000000.0,0.0415,0.3363878401213706,8608675316.595276,-0.08376317312100423,-0.02718478363024385,,,8.97880491612513,3.08825756314463,0.001006669462525793,,,,,,NOT_APPLICABLE,NOT_RATED,NONFINANCIAL,True,,0.1919241751092875,-0.4364388856865317,1.0,BBB,BB,4.0
Eli Lilly and Company,LLY,891741359.734091,2026-07-24,1196.030029296875,2026-03-31,4000000000.0,39370000000.0,43370000000.0,0.0415,0.3749915394575051,1089271633615.563,0.4117013665221556,0.4820106938545105,0.08921559166264947,9.29902813241731,0.9594076971510098,11.30725232388031,6.04069033920774e-30,7.351933532669833e-20,0.0001000000000000001,AAA,-0.0001,0.8796891304720522,ANALYTICAL,PINNED_AT_SCALE_TOP,NONFINANCIAL,True,,0.2139492969109001,1.924294084937376,1.0,AAA,AAA-,2.0
UnitedHealth Group Incorporated,UNH,908144416.7243377,2026-07-24,420.739990234375,2026-03-31,6477000000.0,71440000000.0,77917000000.0,0.0415,0.3480342797228875,422574336927.3531,-0.006582626711711809,0.05398130321940273,,,2.281775796154588,6.601170503551657,2.039620308764206e-11,,,,,,NOT_APPLICABLE,NOT_RATED,NONFINANCIAL,True,,0.1985689851971753,-0.03315032659896702,1.0,AAA,A,7.0
Pfizer Inc.,PFE,5699443915.811053,2026-07-24,24.54000091552734,2026-03-31,3890000000.0,59840000000.0,63730000000.0,0.0415,0.1936755666834249,172299959939.8951,-0.05730614920377551,-0.03855103663870263,,,1.414440409642731,8.112402467764102,2.481430166124412e-16,,,,,,NOT_APPLICABLE,NOT_RATED,NONFINANCIAL,True,,0.110500496573029,-0.518605354555147,1.0,AAA,AAA-,2.0
"Merck & Co., Inc.",MRK,2469824548.519606,2026-07-24,131.0700073242188,2026-03-31,2444000000.0,46673000000.0,49117000000.0,0.0415,0.2557251793762927,348452427203.7708,0.10351950122687,0.1362171849103886,0.2426069808110648,25.15355358665275,0.9645038025156001,10.58715778087945,1.709064911907339e-26,1.353025637417329e-22,0.0002,AAA-,-0.0002,0.7219370264997101,GRID_INTERIOR,PINNED_AT_FLOOR,NONFINANCIAL,True,,0.1459025513192192,0.7095112476846305,1.0,AAA,AAA-,2.0
AbbVie Inc.,ABBV,1766792769.990567,2026-07-24,259.3599853515625,2026-03-31,8326000000.0,64532000000.0,72858000000.0,0.0415,0.2348844225995245,497177255164.181,0.1859415847457642,0.2135269307357202,0.1184292715271925,13.47399299253279,0.8789471064206825,11.45804887716756,1.071439147757684e-30,4.990468140778474e-23,0.0002007229675809571,AAA-,-0.0002007229675809571,0.8454486064821086,GRID_INTERIOR,PINNED_AT_FLOOR,NONFINANCIAL,True,,0.1340119756920165,1.387499764745587,1.0,AAA,AAA-,2.0
Amgen Inc.,AMGN,539708266.5999229,2026-07-24,376.0400085449219,2026-03-31,5437000000.0,51886000000.0,57323000000.0,0.0415,0.230101200503203,233056283327.0154,0.1724504138458904,0.198923695082398,0.1531212587287384,11.62716395812958,1.316926976175284,9.463486698536569,1.489211907602097e-21,1.529615741470693e-15,0.0002170161689459334,AAA-,-0.0002170161689444037,0.8075836760456667,GRID_INTERIOR,SCALE_RESOLVED,NONFINANCIAL,True,,0.131282935442316,1.313578290010607,1.0,AAA,AA+,3.0
CVS Health Corporation,CVS,1275927368.012576,2026-07-24,107.7399978637695,2026-03-31,4484000000.0,73861000000.0,78345000000.0,0.0415,0.2210446716205578,177199384952.4818,0.1305244325686197,0.1549548059945398,0.2575194735600581,11.13695327057671,2.312297333961274,7.166736601881271,3.840330172314105e-13,1.983222475805928e-09,0.0003796094196717283,AA,-0.0003796074364492525,0.7091333678158129,GRID_INTERIOR,SCALE_RESOLVED,NONFINANCIAL,True,,0.1261157842321891,1.03495714960083,1.0,AAA,A,7.0
"Moderna, Inc.",MRNA,396786271.8899493,2026-07-24,54.06999969482422,2026-03-31,50000000.0,1248000000.0,1298000000.0,0.0415,0.6583951953971959,22100835035.1506,-0.3336992902895931,-0.1169571736285372,,,3.55866797600895,4.794143839524637,8.168551392385376e-07,,,,,,NOT_APPLICABLE,NOT_RATED,NONFINANCIAL,True,,0.3756436461167351,-0.8883400364660837,1.0,AA+,A,5.0
"HCA Healthcare, Inc.",HCA,221839804.4176952,2026-07-24,382.1900024414062,2026-03-31,8532000000.0,41313000000.0,49845000000.0,0.0415,0.2299621442494987,112786923465.2286,0.1260536654026818,0.1524949592965955,0.3103620976138559,10.72341375568043,2.894247155663934,6.426184969524434,6.542308722442117e-11,9.028655190450637e-08,0.0005708870250809121,AA-,-0.0005707967385290076,0.6666732293600756,GRID_INTERIOR,SCALE_RESOLVED,NONFINANCIAL,True,,0.1312035976851118,0.9607485436886433,1.0,AAA-,A,6.0
Tenet Healthcare Corporation,THC,86137001.74472243,2026-07-24,233.1999969482422,2026-03-31,81000000.0,13128000000.0,13209000000.0,0.0415,0.3004102529124539,26462024062.94456,0.2483032379516208,0.2934263979790831,0.2630192203871666,5.565154809070339,4.726179763382073,5.426409987480958,2.874940050756006e-08,0.0001382237062018441,0.001942918814364236,BBB+,-0.001804695108162392,0.7045065911224809,GRID_INTERIOR,SCALE_RESOLVED,NONFINANCIAL,True,,0.1713973666937323,1.448699257995665,1.0,AA,BBB,7.0
"Community Health Systems, Inc.",CYH,140916699.3817682,2026-07-24,2.730000019073486,2026-03-31,126000000.0,10631000000.0,10205000000.0,0.0415,0.09839864276438051,5507818930.575727,-0.06598173720601984,-0.06114059075708375,,,6597.916064862005,-0.5474444303044355,0.7079632810250387,,,,,,NOT_APPLICABLE,MODEL_NOT_APPLICABLE,NONFINANCIAL,False,ASSETS_BELOW_TOTAL_DEBT,0.05855402609841905,-1.126852269647797,1.0,C,D,3.0
The Coca-Cola Company,KO,4302482621.860183,2026-07-24,82.25,2026-03-31,4825000000.0,39065000000.0,43890000000.0,0.0415,0.1663667735225636,377246547083.58,0.1180276440827857,0.1318665957489397,0.08558339572919028,23.21540140635907,0.3686492179529905,17.17943263547097,1.892979047587956e-66,5.574322002542451e-56,0.0001000000000000001,AAA,-0.0001000000000000001,0.8841077791983318,ANALYTICAL,PINNED_AT_SCALE_TOP,NONFINANCIAL,True,,0.09491961945589719,1.24344834881713,1.0,AAA,AAA-,2.0
Walmart Inc.,WMT,7958078836.699993,2026-07-24,109.4700012207031,2026-04-30,17082000000.0,57097000000.0,74179000000.0,0.0415,0.234930880909774,914946489814.2991,0.2842527049360934,0.3118489643386146,0.0647592907156776,10.54797079443698,0.6139502277521641,13.97237315984181,1.149192385679412e-44,6.55708950848857e-31,0.0001000000000000001,AAA,-0.0001000000000000001,0.9101706830552505,ANALYTICAL,PINNED_AT_SCALE_TOP,NONFINANCIAL,True,,0.1417201955617959,2.005731814081131,0.0,AAA,AAA-,2.0
Costco Wholesale Corporation,COST,443478803.1864827,2026-07-24,935.030029296875,2026-05-31,0.0,8136000000.0,8136000000.0,0.0415,0.1952389258668253,418568631432.1691,0.1242634991588683,0.1433226182456841,0.06620066040750061,37.28922349303734,0.1775329551173454,24.36989893381312,1.783711183416839e-131,4.838005624288437e-118,0.0001000000000000001,AAA,-0.0001000000000000001,0.9083256518986235,ANALYTICAL,PINNED_AT_SCALE_TOP,NONFINANCIAL,True,,0.09040389428784674,1.374537016770674,1.0,AAA,AAA-,2.0
Target Corporation,TGT,454191093.9788893,2026-07-24,136.7799987792969,2026-04-30,1133000000.0,17698000000.0,18831000000.0,0.0415,0.2541154430287529,71700482345.37857,-0.004869262898614026,0.02741806629423565,,,1.661017757536034,7.739965416765467,4.972192985209071e-15,,,,,,NOT_APPLICABLE,NOT_RATED,NONFINANCIAL,True,,0.1532931309066102,-0.031764390679583,1.0,AAA,AA+,3.0
"NIKE, Inc.",NKE,1483498780.723747,2026-07-24,41.70000076293945,2026-05-31,2478000000.0,8555000000.0,11033000000.0,0.0415,0.3369867342061656,68342784722.89799,-0.319765574153746,-0.2629855446382776,,,2.120467941020847,5.918373720409322,1.625702506180426e-09,,,,,,NOT_APPLICABLE,NOT_RATED,NONFINANCIAL,True,,0.2169822224024284,-1.473694806022815,1.0,AAA,AA,4.0
The Walt Disney Company,DIS,1736511427.408605,2026-07-24,94.8499984741211,2026-03-31,8887000000.0,38471000000.0,47358000000.0,0.0415,0.2230357413009057,191687407923.1406,0.031126187337053,0.05599865828587526,0.8326855806081579,61.66177608126015,1.350408038053938,8.74488622227764,1.116202428953596e-18,2.505012962583015e-17,0.0002,AAA-,-0.000199999999999975,0.4030584734284117,GRID_INTERIOR,PINNED_AT_FLOOR,NONFINANCIAL,True,,0.1223330930251944,0.2544379984788138,1.0,AAA,AAA-,2.0
Dollar General Corporation,DG,220586644.3359659,2026-07-24,117.2300033569336,2026-04-30,1566660000.0,14231741000.0,15798401000.0,0.0415,0.2716562487485406,34188952837.78773,-0.1686450389352456,-0.1317464801931811,,,3.928480137663006,4.424505320997945,4.833176073728848e-06,,,,,,NOT_APPLICABLE,NOT_RATED,NONFINANCIAL,True,,0.1638744832060318,-1.029111034469082,1.0,AA,BBB+,6.0
"Dollar Tree, Inc.",DLTR,192174599.2068936,2026-07-24,120.4499969482422,2026-04-30,1005200000.0,6588100000.0,7593300000.0,0.0415,0.3409255716452505,27271912508.81108,-0.09125695677436209,-0.03314183407354167,,,3.405566825393825,5.151152999768176,1.294449357991869e-07,,,,,,NOT_APPLICABLE,NOT_RATED,NONFINANCIAL,True,,0.2056606543102261,-0.4437258895262811,1.0,AA+,A-,6.0
The Kraft Heinz Company,KHC,1185777635.743371,2026-07-24,25.67000007629395,2026-03-31,1910000000.0,19223000000.0,21133000000.0,0.0415,0.1894254266156416,41492055367.13597,-0.05160007655861942,-0.03365908043436051,,,2.185665158331277,6.491668316448242,4.244549777701924e-11,,,,,,NOT_APPLICABLE,NOT_RATED,NONFINANCIAL,True,,0.1080756032525275,-0.4774442612922699,1.0,AAA,AA,4.0
"General Mills, Inc.",GIS,540914545.504502,2026-07-23,35.54999923706055,2026-05-31,1224000000.0,12716400000.0,13940400000.0,0.0415,0.195466699340672,26503490210.41882,-0.132134844642028,-0.1130312293664597,,,2.439509792834068,5.726490468690018,5.126475989563164e-09,,,,,,NOT_APPLICABLE,NOT_RATED,NONFINANCIAL,True,,0.1147029198915992,-1.1519745510132,1.0,AAA,AA-,5.0
Kohl's Corporation,KSS,113399991.273014,2026-07-24,17.94000053405762,2026-04-30,184000000.0,6349000000.0,6533000000.0,0.0415,0.2941018308255759,5231539433.979305,-0.03520608136052133,0.008041862086956522,,,44.0325795842961,1.387291787255619,0.08267640319964703,,,,,,NOT_APPLICABLE,MODEL_NOT_APPLICABLE,NONFINANCIAL,False,ASSETS_BELOW_TOTAL_DEBT,0.1774146030452686,-0.1984395915342902,1.0,B+,CCC+,4.0
"Macy's, Inc.",M,263037950.9302923,2026-07-24,23.3799991607666,2026-04-30,0.0,5109000000.0,5109000000.0,0.0415,0.2938554305954336,8600482191.059711,0.0879036652760796,0.1310791723212934,0.8091992123366789,13.81013814172742,5.859457769590865,4.43029221295983,4.705274193038773e-06,0.0001192650525367667,0.002658482800768496,BBB,-0.002539217748231729,0.4109324287716252,GRID_INTERIOR,SCALE_RESOLVED,NONFINANCIAL,True,,0.1427088126571255,0.6159652206432296,1.0,A,BBB-,5.0
Wayfair Inc.,W,131996494.6509606,2026-07-24,84.18000030517578,2026-03-31,0.0,3635000000.0,3635000000.0,0.0415,0.5558766982600175,12854980450.34308,0.2024975380019075,0.3569969898361368,0.7800250172684972,9.66070703284499,8.074202173987125,3.883535565113658,5.147423272290597e-05,0.001471128836994974,0.005396479245445478,BBB-,-0.003925350408450504,0.4210763413879247,GRID_INTERIOR,SCALE_RESOLVED,NONFINANCIAL,True,,0.3050769721501161,0.6637588428085835,1.0,BBB,BB+,3.0
"Beyond Meat, Inc.",BYND,514330112.0959669,2026-07-23,0.5600000023841858,2026-03-31,35828000.0,465169000.0,500997000.0,0.0415,1.471031852914228,439085696.2025048,-0.9803156309633511,0.1016517251807828,,,893.3353889810156,-0.331839181126057,0.6299946516047268,,,,,,NOT_APPLICABLE,MODEL_NOT_APPLICABLE,NONFINANCIAL,False,ASSETS_BELOW_TOTAL_DEBT,0.8398358302291725,-1.167270549407073,1.0,C,D,3.0
AT&T Inc.,T,6852385869.488234,2026-07-24,24.1299991607666,2026-03-31,6818000000.0,150496000000.0,162888000000.0,0.0415,0.1916055934044088,244078027826.6437,0.09522936398016026,0.1135857156920881,0.3536985381704795,11.44567298592848,3.090238019252541,6.185589375011221,3.093543429058343e-10,1.926076723717623e-07,0.0006428885163681656,A+,-0.0006426959086957938,0.634917152885481,GRID_INTERIOR,SCALE_RESOLVED,NONFINANCIAL,True,,0.1140186348268018,0.8352087720118463,1.0,AAA-,A,6.0
Verizon Communications Inc.,VZ,4175558742.64817,2026-07-24,46.38000106811523,2026-03-31,32949000000.0,162923000000.0,195872000000.0,0.0415,0.1582053204576318,303422056074.8073,0.1059631459530581,0.1184776076636091,0.2421781157430083,9.204444563309803,2.631099726629502,6.834757803998526,4.10718442137033e-12,3.536730631347746e-08,0.0005206745113157451,AA-,-0.0005206391440094316,0.7223109345853383,GRID_INTERIOR,SCALE_RESOLVED,NONFINANCIAL,True,,0.09026314867914426,1.17393584761509,1.0,AAA,A,7.0
"T-Mobile US, Inc.",TMUS,1072671573.681163,2026-07-24,180.0899963378906,2026-03-31,7032000000.0,114185000000.0,119439000000.0,0.0415,0.2311692880214328,254695216228.3317,0.07393584452558005,0.1006554643877481,0.5240407321134545,18.65456602929469,2.809182112789508,6.286202421599137,1.626628528182836e-10,1.557791119214892e-08,0.000451797027037687,AA,-0.0004517814491264948,0.5315022882061544,GRID_INTERIOR,SCALE_RESOLVED,NONFINANCIAL,True,,0.137561780769397,0.5374737380691741,1.0,AAA-,A+,5.0
"Charter Communications, Inc.",CHTR,134777485.8896002,2026-07-24,123.3099975585938,2026-03-31,812000000.0,96010000000.0,96822000000.0,0.0415,0.2070727297899178,63073909391.84251,-0.1350531952339038,-0.1136136375225797,,,65.3116478048319,0.5851827797838697,0.2792124112255783,,,,,,NOT_APPLICABLE,MODEL_NOT_APPLICABLE,NONFINANCIAL,False,ASSETS_BELOW_TOTAL_DEBT,0.1181441720313645,-1.143121940860954,1.0,BB-,CCC,6.0
"Warner Bros. Discovery, Inc.",WBD,2507136760.121221,2026-07-24,25.77000045776367,2026-03-31,1493000000.0,30973000000.0,32466000000.0,0.0415,0.3114636060120728,80898187224.46591,0.08968112465296041,0.1381859135879823,0.6928820130970431,17.40817466556122,3.980210598804359,5.300348981227918,5.779076855590202e-08,2.189733159187864e-06,0.001008278208434655,A,-0.001006088475275467,0.4540042977625335,GRID_INTERIOR,SCALE_RESOLVED,NONFINANCIAL,True,,0.177703794640327,0.5046663456707565,1.0,AAA,BBB-,11.0
PARA,PARA,,,,,,,,,,,,,,,,,,,,,,,,,UNKNOWN,True,,,,,,,
"Lumen Technologies, Inc.",LUMN,1030311061.638329,2026-07-24,6.340000152587891,2026-03-31,325000000.0,12925000000.0,13250000000.0,0.0415,0.4263448571893921,12957138245.00083,0.03124209591755939,0.122127064543481,8.998502961511342,20.69528781161683,43.48092688259322,1.589807526324853,0.05593909843184449,0.1443371397701407,0.08791416216350066,,,0.03162987900779277,GRID_INTERIOR,MODEL_NOT_APPLICABLE,NONFINANCIAL,False,ASSETS_BELOW_TOTAL_DEBT,0.2432486412072382,0.1284368774374463,1.0,B+,CCC+,4.0
EchoStar Corporation,SATS,327240807.0353567,2026-07-17,92.02999877929688,2026-03-31,6237306000.0,22000878000.0,28238184000.0,0.0401,,,,,,,,,,,,,,,,,NONFINANCIAL,True,,,,,,,
Caterpillar Inc.,CAT,460591963.2058519,2026-07-24,888.72998046875,2026-03-31,12424000000.0,30642000000.0,43066000000.0,0.0415,0.34802100999316,435959033773.0491,0.4117854245909216,0.4723447362892512,0.1067820711127273,6.689145538983035,1.596348449744773,9.09795089834878,4.602604797153456e-20,1.466489550967828e-11,0.0002594883481947453,AA+,-0.0002594883335298498,0.8588292495544262,GRID_INTERIOR,SCALE_RESOLVED,NONFINANCIAL,True,,0.1985614142281089,2.073844136292559,0.0,AAA,AA+,3.0
Deere & Company,DE,269937444.4493387,2026-07-24,628.1599731445312,2026-04-30,21901000000.0,42261000000.0,64162000000.0,0.0415,0.2407941226033635,210846138779.7265,0.131610741367511,0.1606016461076729,0.277218937235362,12.0749738602508,2.295813973957573,7.146382912106835,4.454715771886539e-13,1.315190904248034e-09,0.0003549387147329889,AA+,-0.0003549373995420847,0.692790583794355,GRID_INTERIOR,SCALE_RESOLVED,NONFINANCIAL,True,,0.1390225515043317,0.9466862745891287,1.0,AAA,A+,6.0
GE Aerospace,GE,1037562518.194662,2026-07-24,353.7300109863281,2026-03-31,2103000000.0,18174000000.0,19157000000.0,0.0415,0.3939851927367723,377752120022.4711,0.4998437540938236,0.5774559201417394,0.08824282395837062,7.040635523054953,1.253336061345806,10.20104694094212,9.807329246881714e-25,1.586912765631001e-14,0.0001000000000000001,AAA,-9.999999998413096e-05,0.8808689099676398,ANALYTICAL,PINNED_AT_SCALE_TOP,NONFINANCIAL,True,,0.2344485514209812,2.131997621927263,0.0,AAA,AA,4.0
Lockheed Martin Corporation,LMT,230790753.729042,2026-07-24,582.5999755859375,2026-03-31,168000000.0,20529000000.0,20538000000.0,0.0415,0.2607505124447367,144467099428.9499,0.09633508831693194,0.1303305031870284,0.2685466142712424,27.28108634608359,0.9843692104650896,10.44853536549103,7.440272066471364e-26,2.648092756640314e-22,0.0002,AAA-,-0.0002,0.6999070276498508,GRID_INTERIOR,PINNED_AT_FLOOR,NONFINANCIAL,True,,0.1487697266114728,0.6475449710848821,1.0,AAA,AAA-,2.0
RTX Corporation,RTX,1347758092.206724,2026-07-24,212.7899932861328,2026-03-31,4439000000.0,34496000000.0,38856000000.0,0.0415,0.3074154896316033,307594844427.5505,0.2795382713419627,0.3267904129746819,0.1274750400315382,9.487325157426454,1.343635196604954,9.536307845194179,7.400402589800782e-22,1.074368846918671e-14,0.0002332044110699361,AAA-,-0.0002332044110591924,0.8352944495854727,GRID_INTERIOR,SCALE_RESOLVED,NONFINANCIAL,True,,0.1829335659237687,1.528086275093171,1.0,AAA,AA,4.0
FedEx Corporation,FDX,236581174.2112257,2026-07-24,314.9599914550781,2026-05-31,5101000000.0,37842000000.0,42943000000.0,0.0415,0.2186704131222016,97559094341.54184,0.1463823098748051,0.1702906846623222,0.2330783877766544,9.574163806261444,2.43445163977895,7.078554893890014,7.28327122998146e-13,8.622603927498546e-09,0.0004432283563479319,AA,-0.0004432197337440044,0.7303213067075977,GRID_INTERIOR,SCALE_RESOLVED,NONFINANCIAL,True,,0.1340754326666513,1.091790695456879,1.0,AAA,A,7.0
3M Company,MMM,515722434.3307609,2026-07-24,172.6199951171875,2026-03-31,1650000000.0,10906000000.0,12551000000.0,0.0415,0.2406682154268878,95838262424.93048,0.2318948947590058,0.2608554897173873,0.09598753350108219,11.2212249300894,0.8554104752297969,11.7757123181485,2.603766688628017e-32,6.389164632775641e-23,0.0001000000000000001,AAA,-0.0001000000000000001,0.8715485379270985,ANALYTICAL,PINNED_AT_SCALE_TOP,NONFINANCIAL,True,,0.1432143022633961,1.619216035647826,1.0,AAA,AAA-,2.0
Xerox Holdings Corporation,XRX,130779613.1696483,2026-07-24,2.579999923706055,2026-03-31,165000000.0,4281000000.0,4446000000.0,0.0415,0.1913322476756931,2471472208.775184,-0.1539082983388282,-0.1356042838385119,,,757.5326319880961,-0.4410749521121513,0.6704206318756445,,,,,,NOT_APPLICABLE,MODEL_NOT_APPLICABLE,NONFINANCIAL,False,ASSETS_BELOW_TOTAL_DEBT,0.1091635291980651,-1.40988752809172,1.0,C,D,3.0
Pitney Bowes Inc.,PBI,135669054.3555385,2026-07-23,17.85000038146973,2026-03-31,393258000.0,1874967000.0,2268225000.0,0.0415,0.2346578166389864,3698338346.067921,0.2538428204816474,0.2813749659365354,0.2122226206462784,4.026693823780268,5.270393775483118,5.437663045715331,2.699197139975346e-08,0.0008641418116229212,0.002224167260555268,BBB+,-0.001360025448932347,0.7492494350759176,GRID_INTERIOR,SCALE_RESOLVED,NONFINANCIAL,True,,0.1339699353663546,1.894774523757796,1.0,A,BBB,4.0
"Tesla, Inc.",TSLA,3949547373.801951,2026-07-24,313.0299987792969,2026-03-31,2435000000.0,13455000000.0,16080000000.0,0.0415,0.4767063694959108,1245116847885.066,0.1465825603593237,0.2602070417183096,0.3156262621125575,33.50920859182938,0.9419090315057969,10.61124515016096,1.32102203641694e-26,1.537485994073865e-23,0.0002,AAA-,-0.0002,0.6626759338685556,GRID_INTERIOR,PINNED_AT_FLOOR,NONFINANCIAL,True,,0.2836733964673185,0.5167300218658719,1.0,AAA,AAA-,2.0
Ford Motor Company,F,3984692870.703682,2026-07-24,14.36999988555908,2026-03-31,51358000000.0,108153000000.0,159511000000.0,0.0415,0.1378387723222598,158405920230.0387,0.05859868721079636,0.06809845078845025,0.7964982001497465,6.946758813567049,11.46575290039122,3.378364637252742,0.0003645916079874889,0.01022456350707928,0.01028640544812068,,,0.4152979815581739,GRID_INTERIOR,MODEL_NOT_APPLICABLE,NONFINANCIAL,False,ASSETS_BELOW_TOTAL_DEBT,0.07864313010387547,0.7451215018196315,1.0,BBB,BB-,5.0
General Motors Company,GM,904451525.7506462,2026-07-24,82.63999938964844,2026-03-31,36294000000.0,91462000000.0,127697000000.0,0.0415,0.1903202194958824,153433325331.0609,0.1322419311093974,0.1503528240838778,0.4373795411990305,4.735578389543784,9.236032121541268,3.985304158810134,3.369687113761839e-05,0.00798292911963455,0.00562640318735526,BBB-,0.00235652593227929,0.5802869600270205,GRID_INTERIOR,SCALE_RESOLVED,NONFINANCIAL,True,,0.1132537480837366,1.167660526445637,1.0,A-,BB,6.0
"Rivian Automotive, Inc.",RIVN,1447368519.390725,2026-07-24,15.84000015258789,2026-03-31,1554000000.0,5022000000.0,6576000000.0,0.0415,0.5872800106409323,26825289609.61325,0.04115934243685637,0.2136082478860631,4.440848034498576,45.84454536928564,9.686753350320714,3.283085835067069,0.0005133869843506859,0.001641812463659034,0.00896165051150527,BB,-0.007319838047846237,0.07879526237112236,GRID_INTERIOR,SCALE_RESOLVED,NONFINANCIAL,True,,0.322311778873697,0.1277003979832376,1.0,BBB,BB,4.0
"Lucid Group, Inc.",LCID,390256790.7245118,2026-07-24,6.300000190734863,2026-03-31,782334000.0,2385809000.0,3168143000.0,0.0415,0.5412367271665078,4311272740.305857,-0.6576810504404842,-0.5112124530235278,,,48.08169051153252,0.2270041051077613,0.4102102750395696,,,,,,NOT_APPLICABLE,NOT_RATED,NONFINANCIAL,True,,0.3087995462701724,-2.129799277182458,0.0,B,CCC+,3.0
"Delta Air Lines, Inc.",DAL,657623027.5749468,2026-07-24,85.05999755859375,2026-03-31,3925000000.0,16374000000.0,19984000000.0,0.0415,0.3269759481274639,67557052211.9268,0.2015629513742515,0.2550195867011785,0.30860409596208,8.52724049942581,3.619038257251689,5.873027433711927,2.139538133679211e-09,3.136927910671856e-06,0.0009954454155430609,A,-0.000992308487632389,0.6680171111874885,GRID_INTERIOR,SCALE_RESOLVED,NONFINANCIAL,True,,0.194573397176383,1.035922455481066,1.0,AA,A-,5.0
"United Airlines Holdings, Inc.",UAL,324569722.8507568,2026-07-24,118.2699966430664,2026-03-31,3001000000.0,27970000000.0,33668000000.0,0.0415,0.3112383735424639,54682261414.53423,0.1751418827732895,0.2235765453559686,0.4730707168565691,6.675444356208294,7.086729985496831,4.319171059684678,7.830817766587175e-06,0.001239137664509567,0.003405424630298685,BBB,-0.002166286965789118,0.5593254820480834,GRID_INTERIOR,SCALE_RESOLVED,NONFINANCIAL,True,,0.1852084473448851,0.9456473788538908,1.0,BBB,BBB-,2.0
American Airlines Group Inc.,AAL,661741351.3067093,2026-07-24,14.47999954223633,2026-03-31,5608000000.0,29284000000.0,35729000000.0,0.0415,0.1945019699638145,28975234072.99258,-0.04390963932712664,-0.02499413116722434,,,29.47044526023635,1.616317998314764,0.05301278871107615,,,,,,NOT_APPLICABLE,MODEL_NOT_APPLICABLE,NONFINANCIAL,False,ASSETS_BELOW_TOTAL_DEBT,0.115742180029111,-0.3793745660923499,1.0,BB,B-,5.0
Carnival Corporation Ltd.,CCL,1369649201.082261,2026-07-24,26.32999992370605,2026-05-31,1639000000.0,24531000000.0,26170000000.0,0.0415,0.339124552363549,49402023383.78297,0.1425265975325984,0.2000293285404872,0.6364716236101993,8.895033458579343,7.155359522524522,4.15866513200924,1.600563884709542e-05,0.0008237979335933271,0.004031277317850062,BBB,-0.003207479384256735,0.4776802455531124,GRID_INTERIOR,SCALE_RESOLVED,NONFINANCIAL,True,,0.1985937029544172,0.7176793393359115,1.0,BBB,BBB-,2.0
Royal Caribbean Cruises Ltd.,RCL,268194976.1269159,2026-07-24,293.5400085449219,2026-03-31,1527000000.0,20265000000.0,21792000000.0,0.0415,0.4050715654904751,89911488853.32706,0.3631241241944839,0.445165610778936,0.2212090464081943,5.625361397865724,3.932352621684388,5.939267922098828,1.431488251934912e-09,2.897632352989133e-05,0.001260738379640315,A,-0.001231762056110424,0.74099449380199,GRID_INTERIOR,SCALE_RESOLVED,NONFINANCIAL,True,,0.2311112852323587,1.571208969001231,1.0,AA-,BBB+,5.0
Norwegian Cruise Line Holdings Ltd.,NCLH,459110142.2147359,2026-07-24,19.3700008392334,2026-03-31,1175479000.0,13979393000.0,15154872000.0,0.0415,0.3008606871054479,16719798740.54346,0.07863217719164192,0.123890753714423,1.606141779639664,9.114784503735418,17.6212808869089,2.64357412397399,0.004101790064640146,0.03121520909387236,0.0243413133196646,BB-,0.006873895774207762,0.2376856388758584,GRID_INTERIOR,SCALE_RESOLVED,NONFINANCIAL,True,,0.171654359368914,0.4580843590616197,1.0,BB,B+,3.0
MGM Resorts International,MGM,255851229.2876856,2026-07-24,45.54000091552734,2026-03-31,0.0,31336426000.0,31336426000.0,0.0415,0.1506628071907259,26682705641.53403,-0.01736135297744842,-0.006011712242153496,,,8.008773457586916,3.418363649825648,0.0003149943696272436,,,,,,NOT_APPLICABLE,MODEL_NOT_APPLICABLE,NONFINANCIAL,False,ASSETS_BELOW_TOTAL_DEBT,0.08268695769629712,-0.2099648295347295,1.0,AAA,BB,13.0
"Caesars Entertainment, Inc.",CZR,203693570.1808917,2026-07-24,29.94000053405762,2026-03-31,114000000.0,24814000000.0,24928000000.0,0.0415,0.1401178816990518,18109591363.5093,-0.06562856716459467,-0.05581205677867994,,,14.41628143372944,2.165361779488513,0.01517999530894963,,,,,,NOT_APPLICABLE,MODEL_NOT_APPLICABLE,NONFINANCIAL,False,ASSETS_BELOW_TOTAL_DEBT,0.07994346303792806,-0.820937255788608,1.0,BB+,BB-,3.0
"Coinbase Global, Inc.",COIN,263460765.5874698,2026-07-24,158.2899932861328,2026-03-31,1835666000.0,6128757000.0,7964423000.0,0.0415,0.6364619490336358,46403702210.20981,0.261232063108825,0.4637739693926722,0.6897568617657018,8.605892138967054,8.014937331627909,3.942681923519974,4.028774374597074e-05,0.001630646628807682,0.005181904357911431,BBB-,-0.003551257729103748,0.4552643796004661,GRID_INTERIOR,SCALE_RESOLVED,UNKNOWN,True,,0.3493038742363653,0.7478647744171761,1.0,BBB,BB+,3.0
Strategy Inc,MSTR,365319619.9947661,2026-07-24,91.66999816894531,2026-03-31,31402000.0,8225983000.0,8257385000.0,0.0415,0.68861988942223,37463577402.2704,0.3747780917801684,0.6118767678341105,0.57470370945556,5.874443525355591,9.783117447209984,3.741383114340425,9.150514479879635e-05,0.006960654638300148,0.006802604283837907,BB+,0.0001580503544622415,0.5060596656205787,GRID_INTERIOR,SCALE_RESOLVED,NONFINANCIAL,True,,0.3928881739409046,0.9539052499873406,1.0,BBB-,BB,3.0
GameStop Corp.,GME,448691258.8458939,2026-07-24,21.17000007629395,2026-04-30,81400000.0,4257700000.0,4339100000.0,0.0415,0.3193845345918545,11619195838.57135,0.10467208701143,0.1556753274796578,0.587226678548739,15.85478001027887,3.703783200826703,5.523827263736947,1.658467896866391e-08,1.06247930283368e-06,0.0008631208264278939,A,-0.0008620583471250602,0.5000823975920932,GRID_INTERIOR,SCALE_RESOLVED,NONFINANCIAL,True,,0.1926661941013802,0.5432820609740804,1.0,AAA,BBB+,9.0
"AMC Entertainment Holdings, Inc.",AMC,892604624.2401242,2026-07-24,2.269999980926514,2026-03-31,586200000.0,7343100000.0,7715200000.0,0.0415,0.2842394495207514,6057862221.720057,-0.745877804659466,-0.7054817723275361,,,64.97770804017881,-1.383557728910227,0.9167530403746,,,,,,NOT_APPLICABLE,MODEL_NOT_APPLICABLE,NONFINANCIAL,False,ASSETS_BELOW_TOTAL_DEBT,0.1691422125129464,-4.409767340618034,0.0,B,CCC-,5.0
Palantir Technologies Inc.,PLTR,2397311927.413027,2026-07-24,122.9199981689453,2026-03-31,0.0,211977000.0,211977000.0,0.0415,0.5181649652159218,294779257725.0288,0.80445686202212,0.9387043276107288,0.04208472231156865,9.858392479527122,0.4268923396889077,16.85777489229712,4.599372503447004e-64,4.454742087111632e-43,0.0001000000000000001,AAA,-0.0001000000000000001,0.9400381013956012,ANALYTICAL,PINNED_AT_SCALE_TOP,NONFINANCIAL,True,,0.2843799697975465,2.828809858144449,0.0,AAA,AAA-,2.0
Arm Holdings plc,ARM,1068078723.378115,2026-07-24,260.010009765625,2026-03-31,64000000.0,393000000.0,457000000.0,0.0415,0.7214842623451546,277961069797.8564,0.4914205801202159,0.7516903505260819,0.1519160106331275,14.1887290989507,1.070680887440173,10.34541493785818,2.195051868735178e-25,2.46095228893644e-19,0.0002004543003102963,AAA-,-0.0002004543003102961,0.8088514680135139,GRID_INTERIOR,PINNED_AT_FLOOR,NONFINANCIAL,True,,0.4263245629388367,1.152691218945126,1.0,AAA,AAA-,2.0
"CAVA Group, Inc.",CAVA,116473851.886752,2026-07-24,62.0099983215332,2026-04-30,53042000.0,445445000.0,498487000.0,0.0415,0.5679884205462922,7487097849.539572,0.1230976919382953,0.2844031148756311,0.7938387886648451,26.81926231765168,2.959957582958435,6.029149290464823,8.241248945079398e-10,2.122340837863745e-08,0.0004318851165321814,AA,-0.0004318638931238027,0.4162218584451292,GRID_INTERIOR,SCALE_RESOLVED,NONFINANCIAL,True,,0.3356239737740476,0.3667726430686041,1.0,AAA-,A,6.0
Kenvue Inc.,KVUE,1920008641.9935,2026-07-24,19.28000068664551,2026-03-31,1631000000.0,7171000000.0,8802000000.0,0.0415,0.2850558239776272,42022213743.80876,-0.02908101842009879,0.01154739297168322,,,1.866708355049272,7.217150139487637,2.654417711608526e-13,,,,,,NOT_APPLICABLE,NOT_RATED,NONFINANCIAL,True,,0.1651284051755689,-0.1761115441597045,1.0,AAA,AA-,5.0
"Reddit, Inc.",RDDT,192509043.2672753,2026-07-24,168.7299957275391,2026-03-31,7170000.0,14118000.0,21288000.0,0.0415,0.6802427854189761,32495700629.69257,0.5756677439275535,0.807032867484837,0.1039382399193423,13.43410503239783,0.7736893501181038,12.21512209717294,1.290568413068124e-34,6.333763601555389e-26,0.0002001645479597134,AAA-,-0.0002001645479597134,0.8621500028053803,GRID_INTERIOR,PINNED_AT_FLOOR,NONFINANCIAL,True,,0.4698598170403208,1.225190414353209,1.0,AAA,AAA-,2.0
"Astera Labs, Inc.",ALAB,171407929.0953431,2026-07-24,291.5799865722656,2026-03-31,4146000.0,0.0,4146000.0,0.0415,0.9641121998747096,39194700610.75383,0.9317782800329613,1.396534447006587,0.1089743823488055,9.824389568086062,1.109222935364882,10.46136652504622,6.49837720134845e-26,1.348935568581983e-17,0.0002089813179346443,AAA-,-0.0002089813179346308,0.8562838027774226,GRID_INTERIOR,PINNED_AT_FLOOR,NONFINANCIAL,True,,0.8148235277597808,1.143533842959503,1.0,AAA,AAA-,2.0
"Tempus AI, Inc.",TEM,180060643.1313109,2026-07-24,42.68999862670898,2026-03-31,12639000.0,1305893000.0,1318532000.0,0.0415,0.623187342433148,8325311898.125607,0.05738324048632734,0.2515644723707722,2.67887230319278,44.02659476115117,6.0846684094601,4.14605968306668,1.691228473314598e-05,7.285913537146632e-05,0.002704895773622113,BBB,-0.002632036638250646,0.1417189513016003,GRID_INTERIOR,SCALE_RESOLVED,NONFINANCIAL,True,,0.4569431294282267,0.1255807053235072,1.0,A-,BBB-,4.0
Birkenstock Holding plc,BIRK,183906047.6388666,2026-07-24,40.63000106811523,2026-03-31,66983000.0,1305859000.0,1372842000.0,0.0415,,,,,,,,,,,,,,,,MODEL_NOT_APPLICABLE,NONFINANCIAL,False,REPORTING_CURRENCY_MISMATCH,,,,,,
GE HealthCare Technologies Inc.,GEHC,454891786.8449696,2026-07-24,60.58000183105469,2026-03-31,139000000.0,10438000000.0,10577000000.0,0.0415,0.2878057208074573,32697539018.72423,-0.07580723699359322,-0.03439117052884319,,,2.531986722622402,6.021081869835913,8.662754542089999e-10,,,,,,NOT_APPLICABLE,NOT_RATED,NONFINANCIAL,True,,0.1642059223596649,-0.4616595790470363,1.0,AAA,A+,6.0
Solventum Corporation,SOLV,173174724.6514405,2026-07-24,78.01000213623047,2026-03-31,505000000.0,4782000000.0,5287000000.0,0.0415,0.2463860748233754,16287636315.14882,0.01002923451712095,0.04038228345055591,3.504718353057688,172.2041531938376,2.035211281526227,7.05033786087791,8.924194037167908e-13,3.175911733002877e-12,0.0001000000000000001,AAA,-9.999999682408835e-05,0.104592016375874,ANALYTICAL,PINNED_AT_SCALE_TOP,NONFINANCIAL,True,,0.1617603829568306,0.06200056116210779,1.0,AAA,AA-,5.0
"Lineage, Inc.",LINE,250747845.3677696,2026-07-24,41.41999816894531,2026-03-31,2000000.0,8051000000.0,8053000000.0,0.0415,0.2689221632846416,14249754513.84245,-0.2916921516467184,-0.2555325866938727,,,4.529374074371231,3.614063191671832,0.0001507177712987817,,,,,,NOT_APPLICABLE,MODEL_NOT_APPLICABLE,REIT,False,REIT_ASSET_STRUCTURE,0.2031699834710183,-1.435704953376283,1.0,A,BBB+,3.0
Taiwan Semiconductor Manufacturing Company Limited,TSM,5034591495.844741,2026-07-23,415.5799865722656,2026-03-31,156241738000.0,934526977000.0,982447000000.0,0.0415,,,,,,,,,,,,,,,,MODEL_NOT_APPLICABLE,NONFINANCIAL,False,REPORTING_CURRENCY_MISMATCH,,,,,,
Alibaba Group Holding Limited,BABA,2396872119.48399,2026-07-24,112.1399993896484,2026-03-31,32542000000.0,249180000000.0,281722000000.0,0.0415,,,,,,,,,,,,,,,,MODEL_NOT_APPLICABLE,NONFINANCIAL,False,REPORTING_CURRENCY_MISMATCH,,,,,,
Novo Nordisk A/S,NVO,4477016726.810355,2026-07-23,48.18000030517578,2026-03-31,27210000000.0,119172000000.0,146382000000.0,0.0415,,,,,,,,,,,,,,,,MODEL_NOT_APPLICABLE,NONFINANCIAL,False,REPORTING_CURRENCY_MISMATCH,,,,,,
SAP SE,SAP,1178932326.4,2026-07-24,160.0,2026-03-31,2824000000.0,5038000000.0,10507000000.0,0.0415,,,,,,,,,,,,,,,,MODEL_NOT_APPLICABLE,NONFINANCIAL,False,REPORTING_CURRENCY_MISMATCH,,,,,,
Toyota Motor Corporation,TM,1188257549.082159,2026-07-23,176.8000030517578,2026-03-31,17581104000000.0,25624365000000.0,43205469000000.0,0.0415,,,,,,,,,,,,,,,,MODEL_NOT_APPLICABLE,NONFINANCIAL,False,REPORTING_CURRENCY_MISMATCH,,,,,,
ASML Holding N.V.,ASML,384099995.3379837,2026-07-24,1757.089965820312,2026-03-31,0.0,2705600000.0,1984400000.0,0.0415,,,,,,,,,,,,,,,,MODEL_NOT_APPLICABLE,NONFINANCIAL,False,REPORTING_CURRENCY_MISMATCH,,,,,,
AstraZeneca PLC,AZN,1550876908.183985,2026-07-24,169.2599945068359,2026-03-31,7959000000.0,25959000000.0,33918000000.0,0.0415,0.2578497781353768,282588753018.0474,0.07620900649898052,0.109452260541212,0.3352375486187973,34.14823550569262,0.9817126526578867,10.38826609606271,1.402020815827619e-25,1.125673290033412e-22,0.0002,AAA-,-0.0002,0.6481301055622459,GRID_INTERIOR,PINNED_AT_FLOOR,NONFINANCIAL,True,,0.1415134504276774,0.5385283608636786,1.0,AAA,AAA-,2.0
Shell plc,SHEL,2766870980.577485,2026-07-24,88.37999725341797,2026-03-31,10060000000.0,65584000000.0,75644000000.0,0.0415,0.1821111635969585,285646087382.0527,0.142871058675891,0.1594532966292101,0.1223661382091241,13.27771549404616,0.9215903011628326,11.20124811580533,2.010145305672845e-29,5.443967004532991e-22,0.0002011583627189514,AAA-,-0.0002011583627189514,0.8410042038527484,GRID_INTERIOR,PINNED_AT_FLOOR,NONFINANCIAL,True,,0.1039024919537165,1.375049394768444,1.0,AAA,AAA-,2.0
NKLA,NKLA,,,,,,,,,,,,,,,,,,,,,,,,,UNKNOWN,True,,,,,,,
SunPower Inc.,SPWR,169443471.2264672,2026-07-24,0.4819999933242798,2026-03-31,38022000.0,131781000.0,169803000.0,0.0415,0.5554969532541405,175600834.6810229,-0.7557591670350299,-0.6014707344977135,,,112.0986650082655,-0.4160147594689042,0.661300398480064,,,,,,NOT_APPLICABLE,NOT_RATED,NONFINANCIAL,True,,0.3169356374194641,-2.384582476077889,0.0,CCC+,CC-,6.0
FSR,FSR,,,,,,,,,,,,,,,,,,,,,,,,,UNKNOWN,True,,,,,,,
